timestamp,datetime,comment-id,author-id,agrees,disagrees,passes,votes,moderated,comment-text
1681230375,Tue Apr 11 2023 16:26:15 GMT+0000 (Coordinated Universal Time),355,0,3,2,0,5,1,Generative AI might bring about Athenian-like leisure time.
1680530603,Mon Apr 03 2023 14:03:23 GMT+0000 (Coordinated Universal Time),273,161,1,0,0,1,-1,h
1680124112,Wed Mar 29 2023 21:08:32 GMT+0000 (Coordinated Universal Time),0,0,5,17,0,22,1,I'm excited about the possibilities of generative AI for targeting and mobilizing voters.
1680124115,Wed Mar 29 2023 21:08:35 GMT+0000 (Coordinated Universal Time),1,0,14,34,0,48,1,"If AI leads to economic growth and prosperity, that makes it good for democracy."
1680124119,Wed Mar 29 2023 21:08:39 GMT+0000 (Coordinated Universal Time),2,0,31,21,0,52,1,I think large language models are going to make people a lot better educated overall.
1680124123,Wed Mar 29 2023 21:08:43 GMT+0000 (Coordinated Universal Time),3,0,18,23,0,41,1,I feel that creating any generative AI to mimick human emotions or behaviour is a bad idea.
1680124126,Wed Mar 29 2023 21:08:46 GMT+0000 (Coordinated Universal Time),4,0,24,30,0,54,1,Both the fears and hype about generative AI are hugely overstated
1680124131,Wed Mar 29 2023 21:08:51 GMT+0000 (Coordinated Universal Time),5,0,11,37,0,48,1,"I think we will have to accept a lower level of transparency than we are used to, but that this will be worth it given the gains AI offers."
1680124135,Wed Mar 29 2023 21:08:55 GMT+0000 (Coordinated Universal Time),6,0,6,15,0,21,1,I think it is crucial that the US beats China at AI.
1680124139,Wed Mar 29 2023 21:08:59 GMT+0000 (Coordinated Universal Time),7,0,41,8,0,49,1,The question of sentience and machines is highly confusing and should not shape current discourse.
1680124142,Wed Mar 29 2023 21:09:02 GMT+0000 (Coordinated Universal Time),8,0,54,4,0,58,1,We need democratic oversight over AI.
1680124146,Wed Mar 29 2023 21:09:06 GMT+0000 (Coordinated Universal Time),9,0,23,8,0,31,1,"I feel that generative AI is just going to replicate the evils of social media for democracy, but potentially much worse."
1680124152,Wed Mar 29 2023 21:09:12 GMT+0000 (Coordinated Universal Time),10,0,6,32,0,38,1,I feel so worried about the potential harms that AI can bring about that it should be shut off.
1680124159,Wed Mar 29 2023 21:09:19 GMT+0000 (Coordinated Universal Time),11,0,37,12,0,49,1,All ChatGPT outputs should be watermarked so anyone can tell what is human-written vs. AI-written.
1680124368,Wed Mar 29 2023 21:12:48 GMT+0000 (Coordinated Universal Time),12,0,45,8,0,53,1,I think generative AI gives a small group of people who make the tech an unfair advantage in shaping public opinion.
1680124370,Wed Mar 29 2023 21:12:50 GMT+0000 (Coordinated Universal Time),13,0,38,8,0,46,1,I feel that generative AI could really reduce demand for human labour and lead to democratic turmoil and inequality.
1680124381,Wed Mar 29 2023 21:13:01 GMT+0000 (Coordinated Universal Time),14,0,61,18,0,79,1,Everyone in the world should have open and equitable access to generative AI tools.
1680124387,Wed Mar 29 2023 21:13:07 GMT+0000 (Coordinated Universal Time),15,0,32,7,0,39,1,I think generative AI will increase dependency or trust in a small group of people.
1680205848,Thu Mar 30 2023 19:50:48 GMT+0000 (Coordinated Universal Time),16,2,38,18,0,56,1,Generative AI could help deconstruct the two-party regime by providing a more robust/representative set of public policy positions.
1680206832,Thu Mar 30 2023 20:07:12 GMT+0000 (Coordinated Universal Time),20,2,1,0,0,1,-1,Information ecosystems are a unit of coupled Form and Function.
1680206910,Thu Mar 30 2023 20:08:30 GMT+0000 (Coordinated Universal Time),24,2,1,0,0,1,-1,More is Different
1680206898,Thu Mar 30 2023 20:08:18 GMT+0000 (Coordinated Universal Time),23,2,1,0,0,1,-1,AI has always been Generative.
1680206857,Thu Mar 30 2023 20:07:37 GMT+0000 (Coordinated Universal Time),21,4,30,12,0,42,1,Rapid centralization in AI is increasingly irreversible centralization.
1680206775,Thu Mar 30 2023 20:06:15 GMT+0000 (Coordinated Universal Time),19,2,32,0,0,32,1,"Democracy can be co-creative, co-generative, multi-generative."
1680206738,Thu Mar 30 2023 20:05:38 GMT+0000 (Coordinated Universal Time),18,2,38,2,0,40,1,Generative AI could help deconstruct complex and nuanced public policy narratives for reception by a broader audience.
1680207078,Thu Mar 30 2023 20:11:18 GMT+0000 (Coordinated Universal Time),29,6,24,8,0,32,1,AI is likely to be used as a tool of US domination over other countries
1680206982,Thu Mar 30 2023 20:09:42 GMT+0000 (Coordinated Universal Time),25,2,22,1,0,23,1,Large trust brokers in the form of governments and companies will emerge to address authentication of online accounts.
1680206869,Thu Mar 30 2023 20:07:49 GMT+0000 (Coordinated Universal Time),22,2,10,3,0,13,-1,"Active Inference, and the associated imperative for surprise-minimization rather than reward-maximization, can be applicable in this area."
1680207069,Thu Mar 30 2023 20:11:09 GMT+0000 (Coordinated Universal Time),28,6,6,21,0,27,1,Our number one priority should be an AI moratorium.
1680207150,Thu Mar 30 2023 20:12:30 GMT+0000 (Coordinated Universal Time),34,6,1,12,0,13,-1,People worried about AI safety are crazy
1680207037,Thu Mar 30 2023 20:10:37 GMT+0000 (Coordinated Universal Time),26,2,43,0,0,43,1,"Cheap, attention-guided personalized generation will make advertisements and entertainment far, far more addictive."
1680207144,Thu Mar 30 2023 20:12:24 GMT+0000 (Coordinated Universal Time),33,0,30,6,0,36,1,I think generative AI are powerful and dangerous tools of manipulation.
1680207113,Thu Mar 30 2023 20:11:53 GMT+0000 (Coordinated Universal Time),30,6,38,12,0,50,1,AI is going to widen the gap between rich and poor countries
1680207127,Thu Mar 30 2023 20:12:07 GMT+0000 (Coordinated Universal Time),31,6,10,14,0,24,1,AI progress is the best thing that might happen to humanity
1680207143,Thu Mar 30 2023 20:12:23 GMT+0000 (Coordinated Universal Time),32,6,12,33,0,45,1,Regulating AI has too many second order effects to be useful
1680207184,Thu Mar 30 2023 20:13:04 GMT+0000 (Coordinated Universal Time),35,6,3,7,0,10,-1,Bias and discrimination research is a distraction compared to what really matters
1680207189,Thu Mar 30 2023 20:13:09 GMT+0000 (Coordinated Universal Time),36,2,34,7,0,41,1,Unchecked generative models will radicalize the average voter more effectively than previous political manipulation tactics.
1680207217,Thu Mar 30 2023 20:13:37 GMT+0000 (Coordinated Universal Time),37,6,9,22,0,31,1,If China builds AGI we're all doomed
1680207258,Thu Mar 30 2023 20:14:18 GMT+0000 (Coordinated Universal Time),38,2,18,11,0,29,1,The AI arms race is comparable to the nuclear arms race of the 30s and 40s.
1680207337,Thu Mar 30 2023 20:15:37 GMT+0000 (Coordinated Universal Time),39,2,18,12,0,30,1,"Anti-AI sentiments and movements will continue to gain traction, but will never achieve significant majority."
1680207475,Thu Mar 30 2023 20:17:55 GMT+0000 (Coordinated Universal Time),41,9,21,6,0,27,1,AI could be used to create a vastly more meaningful future (as per rebuildingmeaning.com)
1680207430,Thu Mar 30 2023 20:17:10 GMT+0000 (Coordinated Universal Time),40,2,33,3,0,36,1,Groups of extremists arguing for and against the rights of systems appearing to be sentient will arise.
1680207543,Thu Mar 30 2023 20:19:03 GMT+0000 (Coordinated Universal Time),42,2,29,20,0,49,1,Regulating AI research will be about as effective as regulating digital piracy.
1680207718,Thu Mar 30 2023 20:21:58 GMT+0000 (Coordinated Universal Time),44,2,31,10,0,41,1,Many people will suffer significant mental illness as a result of total addiction to an endless stream of personalized generated content.
1680207612,Thu Mar 30 2023 20:20:12 GMT+0000 (Coordinated Universal Time),43,2,33,5,0,38,1,AI policy will become a major talking point in future election campaigns.
1680207050,Thu Mar 30 2023 20:10:50 GMT+0000 (Coordinated Universal Time),27,6,1,8,0,9,-1,AI progress should be stopped immediately at all costs
1680206479,Thu Mar 30 2023 20:01:19 GMT+0000 (Coordinated Universal Time),17,2,6,3,0,9,-1,"People may use GanAI to create aggressive content for certain purposes, for democracy basically promising everyone’s freedom"
1680207811,Thu Mar 30 2023 20:23:31 GMT+0000 (Coordinated Universal Time),45,2,34,6,0,40,1,Copyright will become effectively unenforceable as it becomes increasingly cheap to create huge quantities of high-quality derivative works.
1680207946,Thu Mar 30 2023 20:25:46 GMT+0000 (Coordinated Universal Time),46,2,37,10,0,47,1,Generative AI has the potential to massively streamline large bureaucracies. Most paperwork can be mostly automated.
1680210215,Thu Mar 30 2023 21:03:35 GMT+0000 (Coordinated Universal Time),51,14,38,9,0,47,1,We need to structure the data AI trains on. Rather than training on whatever is readily available it should be representative of all people.
1680208576,Thu Mar 30 2023 20:36:16 GMT+0000 (Coordinated Universal Time),50,11,15,8,0,23,1,There will be occasional domestic terrorist attacks against datacenters in the near future.
1680208506,Thu Mar 30 2023 20:35:06 GMT+0000 (Coordinated Universal Time),49,11,12,10,0,22,1,"Generative AI will drastically increase hopelessness and nihilism in the short term, and drastically decrease them in the long term."
1680208124,Thu Mar 30 2023 20:28:44 GMT+0000 (Coordinated Universal Time),48,2,24,7,0,31,1,"Superhuman generative models will run on edge hardware like smartphones and laptops, and will cost next to nothing to spin up."
1680208049,Thu Mar 30 2023 20:27:29 GMT+0000 (Coordinated Universal Time),47,2,17,10,0,27,1,It will become socially taboo to take online content at face value.
1680210539,Thu Mar 30 2023 21:08:59 GMT+0000 (Coordinated Universal Time),52,2,1,0,0,1,-1,AIは人間の思考を飛躍させますか？
1680210921,Thu Mar 30 2023 21:15:21 GMT+0000 (Coordinated Universal Time),54,13,38,4,0,42,1,"I fear the AI arms race is being led too much by big, opaque companies, whose primary motivation is shareholder value."
1680210728,Thu Mar 30 2023 21:12:08 GMT+0000 (Coordinated Universal Time),53,13,53,0,0,53,1,"We need more civil society-led initiatives - independent from corporate influence - to lead inclusive, democratic conversations about AI."
1680211329,Thu Mar 30 2023 21:22:09 GMT+0000 (Coordinated Universal Time),55,13,39,2,0,41,1,"While I understand reluctance to 'open-source' generative AI, companies like OpenAI could subject models to greater academic scrutiny"
1680212170,Thu Mar 30 2023 21:36:10 GMT+0000 (Coordinated Universal Time),58,13,33,11,0,44,1,Self-selecting Initiatives like this - although well-meaning - are flawed unless they amplify voices marginalised by /underrepresented in AI
1680212301,Thu Mar 30 2023 21:38:21 GMT+0000 (Coordinated Universal Time),60,2,1,0,0,1,-1,zzzzz
1680212266,Thu Mar 30 2023 21:37:46 GMT+0000 (Coordinated Universal Time),59,2,1,0,0,1,-1,fffffffff
1680211887,Thu Mar 30 2023 21:31:27 GMT+0000 (Coordinated Universal Time),57,17,9,14,0,23,1,Generative AI will result in more human flourishing than the social harms it causes.
1680211676,Thu Mar 30 2023 21:27:56 GMT+0000 (Coordinated Universal Time),56,2,35,7,0,42,1,We should center the voices and needs of those who are most negative impacted by generative AI in our policy and design discussions.
1680213483,Thu Mar 30 2023 21:58:03 GMT+0000 (Coordinated Universal Time),62,22,32,5,0,37,1,A digital identity solution is needed to ensure special interests (especially those with LLMs) don't bias democratic initiatives like this.
1680213353,Thu Mar 30 2023 21:55:53 GMT+0000 (Coordinated Universal Time),61,22,29,8,0,37,1,"Software for democratic input on AI impact should be run on decentralized systems, not by centralized entities"
1680214577,Thu Mar 30 2023 22:16:17 GMT+0000 (Coordinated Universal Time),65,12,30,42,0,72,1,"People worried about AI safety and talking about how AI is going to e.g. kill everyone, are just contributing to the AI hype. It's damaging"
1680215040,Thu Mar 30 2023 22:24:00 GMT+0000 (Coordinated Universal Time),67,0,31,22,0,53,1,AI safety arguments seem full of holes / really extreme to me
1680214550,Thu Mar 30 2023 22:15:50 GMT+0000 (Coordinated Universal Time),64,26,45,15,0,60,1,AI could fundamentally undermine humanity’s ability to govern itself.
1680215132,Thu Mar 30 2023 22:25:32 GMT+0000 (Coordinated Universal Time),70,2,39,2,0,41,1,"it's important for people with moderate opinions on AI risk to speak up, otherwise only the extreme views will be heard"
1680215373,Thu Mar 30 2023 22:29:33 GMT+0000 (Coordinated Universal Time),71,28,24,1,0,25,1,"We need open source, pro-social, contextual identity primitives to authenticate data – NOT worldcoin. NOT biometrics."
1680215464,Thu Mar 30 2023 22:31:04 GMT+0000 (Coordinated Universal Time),72,28,22,11,0,33,1,"We need ways to enforce copyright and other licensing / provenance systems. There are options, we just need to explore and develop them."
1680214876,Thu Mar 30 2023 22:21:16 GMT+0000 (Coordinated Universal Time),66,27,53,6,0,59,1,It will be helpful to study GAI systems in terms of how their training data include or exclude different coalitions of people.
1680215076,Thu Mar 30 2023 22:24:36 GMT+0000 (Coordinated Universal Time),68,27,40,0,0,40,1,"Downstream effects (good or bad) of GAI on economic inequality, resource allocation, and power allocation will impact democratic processes."
1680216669,Thu Mar 30 2023 22:51:09 GMT+0000 (Coordinated Universal Time),75,2,2,0,0,2,-1,Propaganda machine
1680215081,Thu Mar 30 2023 22:24:41 GMT+0000 (Coordinated Universal Time),69,2,35,3,0,38,1,it's really important that people start to work together instead of infighting about what's the worst harm from AI
1680217219,Thu Mar 30 2023 23:00:19 GMT+0000 (Coordinated Universal Time),76,2,28,9,0,37,1,Any profit from Generative AI should be shared back with the artists and writers who created the works that it is trained upon.
1680218655,Thu Mar 30 2023 23:24:15 GMT+0000 (Coordinated Universal Time),80,2,32,4,0,36,1,synthetic relationships will become a widespread phenomenon
1680218482,Thu Mar 30 2023 23:21:22 GMT+0000 (Coordinated Universal Time),79,20,36,3,0,39,1,We should be concerned about centralized groups running collective governance work like this. It should be provably transparent.
1680218331,Thu Mar 30 2023 23:18:51 GMT+0000 (Coordinated Universal Time),78,2,35,0,0,35,1,"Information generated by AIs will make political campaigns cheap to run highly targeted messages per individual, whether true or not"
1680218230,Thu Mar 30 2023 23:17:10 GMT+0000 (Coordinated Universal Time),77,2,21,24,0,45,1,Democracy will have little place if AIs can be employed by individuals to undertake large projects at a fast pace. Regulation can't keep up
1680216340,Thu Mar 30 2023 22:45:40 GMT+0000 (Coordinated Universal Time),74,2,5,11,0,16,1,The Second Amendment to the United States Constitution should apply to compute also.
1680215504,Thu Mar 30 2023 22:31:44 GMT+0000 (Coordinated Universal Time),73,2,53,0,0,53,1,Generative AI can create believable misinformation at scale
1680213767,Thu Mar 30 2023 22:02:47 GMT+0000 (Coordinated Universal Time),63,20,35,11,0,46,1,A digital identity solution is necessary for open processes like this to be legitimate and not captured
1680219011,Thu Mar 30 2023 23:30:11 GMT+0000 (Coordinated Universal Time),83,37,22,6,0,28,1,It is more important to recognize we collectively have choice over AI systems then it is to speculate over possible outcomes.
1680223035,Fri Mar 31 2023 00:37:15 GMT+0000 (Coordinated Universal Time),93,43,31,9,0,40,1,"AI will allow large scale deliberation among groups of humans, and help us achieve concensus on important political decisions."
1680222889,Fri Mar 31 2023 00:34:49 GMT+0000 (Coordinated Universal Time),92,43,42,3,0,45,1,AI can be a dangerous tool for manipulation. But it can also bring incredible benefits for humanity. It's a tool we need to master
1680222418,Fri Mar 31 2023 00:26:58 GMT+0000 (Coordinated Universal Time),91,43,33,5,0,38,1,"Bad actors with AI systems will increase disinformation. We need a global system for connecting identity, preferences, evidence and models"
1680222306,Fri Mar 31 2023 00:25:06 GMT+0000 (Coordinated Universal Time),90,43,22,6,0,28,1,"Given the proliferation of credible desinformation by AI systems, we need a global system for private decentralized human identity"
1680222162,Fri Mar 31 2023 00:22:42 GMT+0000 (Coordinated Universal Time),89,43,31,1,0,32,1,"AI enables large scale creation of content that is credible by many people, but is actually not truthful."
1680222043,Fri Mar 31 2023 00:20:43 GMT+0000 (Coordinated Universal Time),88,2,33,8,0,41,1,"I would love for AI to improve the lives of workers, but I’m afraid all it will do is eliminate jobs and further consolidate wealth."
1680221800,Fri Mar 31 2023 00:16:40 GMT+0000 (Coordinated Universal Time),87,43,25,3,0,28,1,AI can be such a disruptive technology that advocating for or against it being open source is simplistic. Both can cause bad outcomes
1680220420,Thu Mar 30 2023 23:53:40 GMT+0000 (Coordinated Universal Time),86,40,28,0,0,28,1,Through deepening distrust. We need new ethical governance and standards-driven digital infrastructure yesterday.
1680219770,Thu Mar 30 2023 23:42:50 GMT+0000 (Coordinated Universal Time),85,2,15,6,0,21,1,"As entry level workers are replaced by Chat GPT, zoomers trust in democratic institutions will degrade even more"
1680219610,Thu Mar 30 2023 23:40:10 GMT+0000 (Coordinated Universal Time),84,2,12,9,0,21,1,"If we don’t demand open source AI models and services, democracy may become irrelevant"
1680218787,Thu Mar 30 2023 23:26:27 GMT+0000 (Coordinated Universal Time),82,36,30,3,0,33,1,The next US presidential election will be a dramatic case study in the widespread use of AI for voter/discourse manipulation.
1680218700,Thu Mar 30 2023 23:25:00 GMT+0000 (Coordinated Universal Time),81,2,37,2,0,39,1,we will be unable to discern statements written by ai and statements from humans
1680225545,Fri Mar 31 2023 01:19:05 GMT+0000 (Coordinated Universal Time),95,45,23,27,0,50,1,future generations will have less ability to read critically since they will outsource their ability to summarize to a machine
1680226783,Fri Mar 31 2023 01:39:43 GMT+0000 (Coordinated Universal Time),96,2,14,1,0,15,-1,"If we can use such technology to replicate experiences and help disadvantaged areas, it would be a good advancement."
1680230624,Fri Mar 31 2023 02:43:44 GMT+0000 (Coordinated Universal Time),97,47,11,1,1,13,0,"The amount of AI-generated info will boost the reliance on trust as part of our epistemic processes, leading to more charismatic politics."
1680225396,Fri Mar 31 2023 01:16:36 GMT+0000 (Coordinated Universal Time),94,45,4,1,0,5,-1,"ChatGPT has succeeded in sucking in people, imagine dating apps making money off ad views while users are hooked to AI girlfriends"
1680231424,Fri Mar 31 2023 02:57:04 GMT+0000 (Coordinated Universal Time),98,2,14,7,1,22,0,All generative AI content should be watermarked. Watermark tampering should be punishable by law and result in a digital reputation penalty.
1680232822,Fri Mar 31 2023 03:20:22 GMT+0000 (Coordinated Universal Time),99,2,34,29,1,64,0,AI development should be slowed down by governments
1680232838,Fri Mar 31 2023 03:20:38 GMT+0000 (Coordinated Universal Time),100,2,41,15,1,57,0,Powerful AI systems pose a threat to humanity
1680232875,Fri Mar 31 2023 03:21:15 GMT+0000 (Coordinated Universal Time),101,2,8,20,1,29,0,The risks posed by AI systems outweigh their potential benefits
1680234918,Fri Mar 31 2023 03:55:18 GMT+0000 (Coordinated Universal Time),103,51,27,7,1,35,0,Safety leaders at the world's top AGI labs do not have confidence in their own plans. We need a Manhattan Project for AGI alignment urgently
1680235359,Fri Mar 31 2023 04:02:39 GMT+0000 (Coordinated Universal Time),106,51,9,11,1,21,0,"Handwriting will continue to get worse generation-over-generation, and this is a tragedy. Classical education will be rarer & important."
1680235668,Fri Mar 31 2023 04:07:48 GMT+0000 (Coordinated Universal Time),107,51,19,5,1,25,0,Generative AI will not be a term people use in 10 years.
1680236052,Fri Mar 31 2023 04:14:12 GMT+0000 (Coordinated Universal Time),108,2,26,5,1,32,0,"Gen AI poses a huge threat to society and democracy. Unchecked, they are a potent weapon against democracy, which should defend itself."
1680236250,Fri Mar 31 2023 04:17:30 GMT+0000 (Coordinated Universal Time),109,2,20,4,1,25,0,Gen AI may be biased and manipulative in ways impossible for humans to detect. Gen AI systems should check each other for bias and truth
1680237461,Fri Mar 31 2023 04:37:41 GMT+0000 (Coordinated Universal Time),111,2,19,10,1,30,0,Using AI to produce written work seems like it can start a cascade of ways we can be dishonest with one another.
1680241076,Fri Mar 31 2023 05:37:56 GMT+0000 (Coordinated Universal Time),112,2,14,30,1,45,0,"Generative AI lowers the cost of content creation to zero, and increases the speed at which ideas spread. Democracy benefits"
1680242741,Fri Mar 31 2023 06:05:41 GMT+0000 (Coordinated Universal Time),113,54,28,14,1,43,0,Categorizing these tools 'AI' is detrimental to it's potential. We need to find new ways to name models and networks as extensions of humans
1680246114,Fri Mar 31 2023 07:01:54 GMT+0000 (Coordinated Universal Time),114,2,20,12,1,33,0,Generative AI could diminish our ability to communicate. If we increasingly consume generative language we could produce more of the same.
1680246741,Fri Mar 31 2023 07:12:21 GMT+0000 (Coordinated Universal Time),115,59,28,9,1,38,0,"We shouldn't let hyped-up, speculative dangers of AGI distract us from actual, present dangers like privacy invasion and labor exploitation"
1680247079,Fri Mar 31 2023 07:17:59 GMT+0000 (Coordinated Universal Time),116,56,14,3,1,18,0,AI-enabled real change needs communities boosting their competencIes in the WISE use of Collective HYBRID Intelligence (CHI) @ massive scale
1680248723,Fri Mar 31 2023 07:45:23 GMT+0000 (Coordinated Universal Time),118,2,34,1,1,36,0,GPT4 ability to mix video/audio/photo/text + socialmedia power is a perfect storm for dis-information beyond existing democracy safety nets
1680251301,Fri Mar 31 2023 08:28:21 GMT+0000 (Coordinated Universal Time),120,2,34,10,1,45,0,"To make genAI a positive force for democracy, we have to democratise it ourselves! i.e. public deliberation, open source development"
1680252202,Fri Mar 31 2023 08:43:22 GMT+0000 (Coordinated Universal Time),121,2,22,3,1,26,0,Generated statements should be grounded like Wikipedia pages
1680252222,Fri Mar 31 2023 08:43:42 GMT+0000 (Coordinated Universal Time),122,63,33,4,1,38,0,"NATO, AUKUS, the Quad, and the EU should invest in regional coordination on AI safety and monitoring, as steps towards global coordination"
1680251188,Fri Mar 31 2023 08:26:28 GMT+0000 (Coordinated Universal Time),119,2,37,2,0,39,1,"It took us nearly 10 years to start to understand the effects of social media, and AI clearly holds even more power: we must be cautious."
1680233368,Fri Mar 31 2023 03:29:28 GMT+0000 (Coordinated Universal Time),102,49,13,3,0,16,-1,The benefits of generative AI should be partially distributed amongst the creators of the training data
1680235078,Fri Mar 31 2023 03:57:58 GMT+0000 (Coordinated Universal Time),104,51,5,5,0,10,1,"We need to integrate paleo priors into the development of AI, so that Homo sapien minds & bodies can keep up. Ground tech in the real world."
1680235260,Fri Mar 31 2023 04:01:00 GMT+0000 (Coordinated Universal Time),105,51,15,3,0,18,1,Billionaires that care about democracy should fund CIP on the order of $10MM/annum urgently.
1680236677,Fri Mar 31 2023 04:24:37 GMT+0000 (Coordinated Universal Time),110,2,15,1,0,16,1,"Gen AI should follow the example of the 1975 Asilomar conference on recombinant DNA, setting up voluntary safety guidelines"
1680252985,Fri Mar 31 2023 08:56:25 GMT+0000 (Coordinated Universal Time),123,2,25,13,1,39,0,"We should focus on how we can distinguish human content from AI output & what this means not only for disinfo but human creativity, identity"
1680258846,Fri Mar 31 2023 10:34:06 GMT+0000 (Coordinated Universal Time),124,2,11,4,1,16,0,"In a disruptive economy, ""Alignment"" is only a second best. *Understanding* the nature of these psycho-active techs should be first."
1680259042,Fri Mar 31 2023 10:37:22 GMT+0000 (Coordinated Universal Time),125,68,9,8,1,18,0,It's more useful to regulate the uses of AI than AI technologies themselves.
1680260014,Fri Mar 31 2023 10:53:34 GMT+0000 (Coordinated Universal Time),126,2,20,4,1,25,0,LLMs will spawn the next QAnon
1680281576,Fri Mar 31 2023 16:52:56 GMT+0000 (Coordinated Universal Time),146,2,25,4,1,30,0,"Not everyone will use generative AI. This may be due to factors like access (cost, governance, free time), and technical knowledge."
1680262864,Fri Mar 31 2023 11:41:04 GMT+0000 (Coordinated Universal Time),127,2,8,6,1,15,0,"Current AI will disrupt, but not destroy"
1680268570,Fri Mar 31 2023 13:16:10 GMT+0000 (Coordinated Universal Time),131,2,27,7,1,35,0,"Generative AI could be a useful ""creativity""-aid, recycling word/image associations found in web contents. But it's not a human substitute"
1680270671,Fri Mar 31 2023 13:51:11 GMT+0000 (Coordinated Universal Time),134,2,25,14,1,40,0,"There is a clear path to human level AI, and we don’t currently know how to handle this. We need more time to prepare."
1680275307,Fri Mar 31 2023 15:08:27 GMT+0000 (Coordinated Universal Time),135,2,3,11,1,15,0,We should compare the democracy system made by human and democracy system made by generative AI and let the better democracy improve.
1680275706,Fri Mar 31 2023 15:15:06 GMT+0000 (Coordinated Universal Time),136,2,19,5,1,25,0,Generative AI allows us everyone to create more value.
1680275762,Fri Mar 31 2023 15:16:02 GMT+0000 (Coordinated Universal Time),137,2,25,6,1,32,0,The foundation models generative AI is built on are impossible to understand and should be subject to intense scrutiny before release.
1680248459,Fri Mar 31 2023 07:40:59 GMT+0000 (Coordinated Universal Time),117,2,3,1,0,4,-1,AI will be used to manipulate us?! Measure: The identities and the contents of humans AND AI's should be transparent and protected.
1680275861,Fri Mar 31 2023 15:17:41 GMT+0000 (Coordinated Universal Time),138,2,27,6,0,33,1,"Self-regulation of companies building foundation models for generative AI is not enough, we need an international regulatory body."
1680268733,Fri Mar 31 2023 13:18:53 GMT+0000 (Coordinated Universal Time),133,2,26,2,0,28,1,Disinformation may already happen at large scale without AI. Might generative AI quickly find & counter misinformation that could catch on?
1680278203,Fri Mar 31 2023 15:56:43 GMT+0000 (Coordinated Universal Time),141,79,31,2,0,33,1,"Generative AI regulation needs to take into account variety of global contexts, and reach beyond a US-based perspective."
1680278063,Fri Mar 31 2023 15:54:23 GMT+0000 (Coordinated Universal Time),140,79,18,2,0,20,1,"Specific ""styles"" of generative AI will have the power to shape whole cultural or societal outlooks / imaginaries."
1680277918,Fri Mar 31 2023 15:51:58 GMT+0000 (Coordinated Universal Time),139,79,19,3,0,22,1,"Civic platforms like Wikimedia should build their own AI systems, in the public interest."
1680281397,Fri Mar 31 2023 16:49:57 GMT+0000 (Coordinated Universal Time),142,2,30,5,1,36,0,Those building generative AI may not be thinking about the systemic dynamics and downstream effects.
1680281417,Fri Mar 31 2023 16:50:17 GMT+0000 (Coordinated Universal Time),143,2,28,13,1,42,0,"We don’t currently know how to create safe AI systems, so we should slow down development."
1680281446,Fri Mar 31 2023 16:50:46 GMT+0000 (Coordinated Universal Time),144,2,35,6,1,42,0,"For people to benefit from generative AI, they must have access to it, and know how to utilize it."
1680281469,Fri Mar 31 2023 16:51:09 GMT+0000 (Coordinated Universal Time),145,2,32,1,1,34,0,Not everyone knows how to use generative AI.
1680281641,Fri Mar 31 2023 16:54:01 GMT+0000 (Coordinated Universal Time),148,2,31,2,1,34,0,Many current fears around generative AI are related to its potential to displace humans from their jobs.
1680281679,Fri Mar 31 2023 16:54:39 GMT+0000 (Coordinated Universal Time),149,2,11,17,1,29,0,Many current fears around generative AI are related to its potential to turn us all into paperclips.
1680281705,Fri Mar 31 2023 16:55:05 GMT+0000 (Coordinated Universal Time),150,2,17,12,1,30,0,Many current fears around generative AI are related to its potential to kill humanity.
1680281805,Fri Mar 31 2023 16:56:45 GMT+0000 (Coordinated Universal Time),151,2,29,5,1,35,0,Many current fears around generative AI are related to its potential to make the rich richer and the poor poorer.
1680281818,Fri Mar 31 2023 16:56:58 GMT+0000 (Coordinated Universal Time),152,2,8,2,1,11,0,Many current fears around generative AI are related to its potential to spur an arms race.
1680281928,Fri Mar 31 2023 16:58:48 GMT+0000 (Coordinated Universal Time),154,2,9,2,1,12,0,Many current fears around generative AI are related to its potential to be the Fermi Paradox Great Filter.
1680281856,Fri Mar 31 2023 16:57:36 GMT+0000 (Coordinated Universal Time),153,2,1,1,0,2,-1,Many current fears around generative AI are related to its potential to eat people.
1680281976,Fri Mar 31 2023 16:59:36 GMT+0000 (Coordinated Universal Time),155,2,7,11,1,19,0,Many current fears around generative AI are related to the amount of energy it consumes.
1680281586,Fri Mar 31 2023 16:53:06 GMT+0000 (Coordinated Universal Time),147,2,3,0,0,3,-1,No one is born knowing how to use generative AI.
1680262910,Fri Mar 31 2023 11:41:50 GMT+0000 (Coordinated Universal Time),129,2,3,7,0,10,1,We will not see AGI in our lifetimes
1680262894,Fri Mar 31 2023 11:41:34 GMT+0000 (Coordinated Universal Time),128,2,5,8,0,13,1,Current AI does not have a path to AGI
1680262937,Fri Mar 31 2023 11:42:17 GMT+0000 (Coordinated Universal Time),130,2,14,19,0,33,1,Who owns the AI is more important than what the AI does
1680282007,Fri Mar 31 2023 17:00:07 GMT+0000 (Coordinated Universal Time),156,2,7,8,1,16,0,"Many current fears around generative AI are related to its potential to displace other concerns (war, pandemics, climate) at all expense"
1680282129,Fri Mar 31 2023 17:02:09 GMT+0000 (Coordinated Universal Time),159,2,30,2,1,33,0,Many current fears around generative AI are related to its potential to impact perception of reality and how we think about the real world.
1680282159,Fri Mar 31 2023 17:02:39 GMT+0000 (Coordinated Universal Time),160,2,30,5,1,36,0,Many current fears around generative AI are related to its potential to be gamed by bad actors
1680282272,Fri Mar 31 2023 17:04:32 GMT+0000 (Coordinated Universal Time),161,2,18,4,1,23,0,Many current fears around generative AI may be a result of a lack of consideration for how and by whom it will be used
1680282348,Fri Mar 31 2023 17:05:48 GMT+0000 (Coordinated Universal Time),163,2,30,1,1,32,0,Generative AI may influence our perceptions of truth.
1680282631,Fri Mar 31 2023 17:10:31 GMT+0000 (Coordinated Universal Time),165,84,16,8,1,25,0,Generative AI models using potentially dangerous/ specialist knowledge should require some form of authentication to use.
1680282859,Fri Mar 31 2023 17:14:19 GMT+0000 (Coordinated Universal Time),167,84,17,2,1,20,0,Generative AI for diagnosis should require authorization and identity verification by doctors to ensure safe use and provide accountability
1680282926,Fri Mar 31 2023 17:15:26 GMT+0000 (Coordinated Universal Time),168,84,28,1,1,30,0,Self-regulation of companies building foundation models for generative AI is not enough; we need a better way to regulate
1680283047,Fri Mar 31 2023 17:17:27 GMT+0000 (Coordinated Universal Time),170,84,31,9,1,41,0,Generative AI may pose a major threat to society
1680283062,Fri Mar 31 2023 17:17:42 GMT+0000 (Coordinated Universal Time),171,84,25,5,1,31,0,Generative AI may post a major threat to the institution of democracy
1680283083,Fri Mar 31 2023 17:18:03 GMT+0000 (Coordinated Universal Time),172,84,11,10,1,22,0,Generative AI may post a major threat to anyone who does not have shares or ownership of the generative AI
1680283128,Fri Mar 31 2023 17:18:48 GMT+0000 (Coordinated Universal Time),173,84,5,5,1,11,0,Generative AI may pose a huge threat to Republicans
1680283134,Fri Mar 31 2023 17:18:54 GMT+0000 (Coordinated Universal Time),174,84,9,8,1,18,0,Generative AI may pose a huge threat to Independents
1680283141,Fri Mar 31 2023 17:19:01 GMT+0000 (Coordinated Universal Time),175,84,10,5,1,16,0,Generative AI may pose a huge threat to Democrats
1680284026,Fri Mar 31 2023 17:33:46 GMT+0000 (Coordinated Universal Time),182,84,1,1,0,2,-1,Generative AI may will make the internet harder to stomach.
1680283404,Fri Mar 31 2023 17:23:24 GMT+0000 (Coordinated Universal Time),177,84,1,0,0,1,-1,There are too many double barrelled statements here.
1680283464,Fri Mar 31 2023 17:24:24 GMT+0000 (Coordinated Universal Time),178,84,2,0,0,2,-1,Generative AI will increase dependency on generative AI in users of generative AI
1680284391,Fri Mar 31 2023 17:39:51 GMT+0000 (Coordinated Universal Time),187,84,29,2,1,32,0,We need to broaden awareness about generative AI's capacity to contribute to misinformation
1680284481,Fri Mar 31 2023 17:41:21 GMT+0000 (Coordinated Universal Time),190,84,19,4,1,24,0,We need to structure the data AI trains on so that it is representative of the purpose it is serving
1680282982,Fri Mar 31 2023 17:16:22 GMT+0000 (Coordinated Universal Time),169,84,2,0,0,2,-1,"If passed off as facts, generated statements should require legitimate references"
1680282321,Fri Mar 31 2023 17:05:21 GMT+0000 (Coordinated Universal Time),162,2,2,0,0,2,-1,Generative AI will color how we see the world.
1680284440,Fri Mar 31 2023 17:40:40 GMT+0000 (Coordinated Universal Time),189,84,1,0,0,1,-1,If generative AI is trained on social media platforms we will become stupider
1680284420,Fri Mar 31 2023 17:40:20 GMT+0000 (Coordinated Universal Time),188,84,1,0,0,1,-1,Generative AI should not be trained on social media platforms.
1680283871,Fri Mar 31 2023 17:31:11 GMT+0000 (Coordinated Universal Time),180,84,3,3,0,6,-1,Generative AI will desecrate truth
1680282811,Fri Mar 31 2023 17:13:31 GMT+0000 (Coordinated Universal Time),166,84,3,0,0,3,-1,Generative AI chemistry should require authorization and identity verification by chemists to ensure safe use and provide accountability
1680285326,Fri Mar 31 2023 17:55:26 GMT+0000 (Coordinated Universal Time),196,87,25,1,0,26,1,"There needs to be proactive, widespread education about this tool so regular people get up to speed very fast, not ""elites"" only"
1680285214,Fri Mar 31 2023 17:53:34 GMT+0000 (Coordinated Universal Time),195,84,28,4,0,32,1,Personal data stewardship deserves more attention
1680285057,Fri Mar 31 2023 17:50:57 GMT+0000 (Coordinated Universal Time),194,84,23,2,0,25,1,AI policy should become a major talking point in politics
1680284979,Fri Mar 31 2023 17:49:39 GMT+0000 (Coordinated Universal Time),193,84,32,3,0,35,1,Generative AI is not strictly bad nor strictly good.
1680284924,Fri Mar 31 2023 17:48:44 GMT+0000 (Coordinated Universal Time),192,84,3,14,0,17,1,Generative AI will decrease the amount of discussion in classrooms
1680284851,Fri Mar 31 2023 17:47:31 GMT+0000 (Coordinated Universal Time),191,84,9,0,0,9,-1,Handwriting will continue to get worse generation-over-generation
1680284188,Fri Mar 31 2023 17:36:28 GMT+0000 (Coordinated Universal Time),185,84,5,3,0,8,1,Unchecked generative models will correlate with a population-wide increase in mental health problems
1680283297,Fri Mar 31 2023 17:21:37 GMT+0000 (Coordinated Universal Time),176,84,33,2,0,35,1,We need tools that help combine and raise collective intelligence.
1680282528,Fri Mar 31 2023 17:08:48 GMT+0000 (Coordinated Universal Time),164,84,29,3,0,32,1,The foundational models that generative AI is built on should be subject to third party inspection prior to their real world deployment.
1680284070,Fri Mar 31 2023 17:34:30 GMT+0000 (Coordinated Universal Time),183,84,2,5,0,7,1,Generative AI will increase the demand for books published by authors that existed before it
1680284076,Fri Mar 31 2023 17:34:36 GMT+0000 (Coordinated Universal Time),184,2,5,2,0,7,-1,The bigger question is how we get from our lovely AI generated virtual stories to the bitterly needed real world change.
1680284363,Fri Mar 31 2023 17:39:23 GMT+0000 (Coordinated Universal Time),186,2,18,3,0,21,1,"GenAI will have a strongly polarising impact on the labor market. A few benefit from productivity increase, for many others income decreases"
1680282067,Fri Mar 31 2023 17:01:07 GMT+0000 (Coordinated Universal Time),158,2,13,10,0,23,1,Generative AI could rob humans of our capacity to think critically and form coherent thoughts. We may become stupider.
1680282053,Fri Mar 31 2023 17:00:53 GMT+0000 (Coordinated Universal Time),157,82,17,7,0,24,1,"Many of the statements here are not helpful or representative - you need bigger, better public participation for democratic consultation"
1680286199,Fri Mar 31 2023 18:09:59 GMT+0000 (Coordinated Universal Time),204,84,26,7,1,34,0,Wikipedia is a good source of truth
1680286270,Fri Mar 31 2023 18:11:10 GMT+0000 (Coordinated Universal Time),205,84,19,3,1,23,0,We collectively have choice about what happens with AI systems.
1680286332,Fri Mar 31 2023 18:12:12 GMT+0000 (Coordinated Universal Time),206,2,3,8,1,12,0,AI will reduce personal and unique expression.
1680288464,Fri Mar 31 2023 18:47:44 GMT+0000 (Coordinated Universal Time),217,2,9,8,1,18,0,"It's difficult if not impossible to steer the use of an open-source technology, barring obvious filters we can only hope for the best."
1680287576,Fri Mar 31 2023 18:32:56 GMT+0000 (Coordinated Universal Time),215,84,2,0,0,2,-1,People may become worse at thinking critically and engaging with others as a result of gen AI
1680287603,Fri Mar 31 2023 18:33:23 GMT+0000 (Coordinated Universal Time),216,84,1,1,0,2,-1,Addiction to AI constitutes mental illness
1680287290,Fri Mar 31 2023 18:28:10 GMT+0000 (Coordinated Universal Time),214,84,1,0,0,1,-1,"I would like terms & acronyms to be hoverable, and for definitions to be provided upon hovering. Community could provide/ paste definitions"
1680287146,Fri Mar 31 2023 18:25:46 GMT+0000 (Coordinated Universal Time),213,84,1,0,0,1,-1,I would like the option to comment under another comment in a new box so that I can amend original comment to one I can agree /disagree with
1680286973,Fri Mar 31 2023 18:22:53 GMT+0000 (Coordinated Universal Time),212,84,1,0,0,1,-1,I would want to learn more about some of these issues and acronyms before agreeing or disagreeing with some of these statements
1680286521,Fri Mar 31 2023 18:15:21 GMT+0000 (Coordinated Universal Time),209,84,2,12,0,14,1,Being more concerned about generative AI than about anything else is socially praised in my friend group.
1680286194,Fri Mar 31 2023 18:09:54 GMT+0000 (Coordinated Universal Time),203,84,1,1,0,2,-1,Wikimedia is a good source of truth
1680292481,Fri Mar 31 2023 19:54:41 GMT+0000 (Coordinated Universal Time),221,93,37,1,1,39,0,Even without further development generative AI will dramatically change many industries.
1680286399,Fri Mar 31 2023 18:13:19 GMT+0000 (Coordinated Universal Time),208,84,1,4,0,5,-1,Generative AI is currently the single most urgent problem in the world.
1680295328,Fri Mar 31 2023 20:42:08 GMT+0000 (Coordinated Universal Time),224,2,21,7,1,29,0,All labs working on semi general AI should have policies to evaluate how much they are contributing to existential risk
1680295671,Fri Mar 31 2023 20:47:51 GMT+0000 (Coordinated Universal Time),226,96,11,8,1,20,0,Humans disagree what is harmful. Thus generative AI cannot define harmful. Thus generative AI can do harm at great scale.
1680290392,Fri Mar 31 2023 19:19:52 GMT+0000 (Coordinated Universal Time),219,2,5,1,0,6,-1,"Generate AI will enable more counterfeit content and behavior in politics, damaging public trust"
1680288888,Fri Mar 31 2023 18:54:48 GMT+0000 (Coordinated Universal Time),218,2,19,2,0,21,1,We need models that understand better personal and local community context.
1680293806,Fri Mar 31 2023 20:16:46 GMT+0000 (Coordinated Universal Time),222,95,19,3,0,22,1,"Since few organizations have the resources to train cutting-edge AI, regulating the training might be easier than regulating usage."
1680291204,Fri Mar 31 2023 19:33:24 GMT+0000 (Coordinated Universal Time),220,2,1,2,0,3,-1,How the fact that LLM used in chat interfaces are made by people with bias -- people always revert to the bias only from the internet
1680286166,Fri Mar 31 2023 18:09:26 GMT+0000 (Coordinated Universal Time),202,84,12,12,0,24,1,Compute used to train generative AI will exacerbate climate change
1680285934,Fri Mar 31 2023 18:05:34 GMT+0000 (Coordinated Universal Time),201,84,5,0,0,5,-1,Generative AI will be utilized to manipulate people so that they believe things that are not true
1680285720,Fri Mar 31 2023 18:02:00 GMT+0000 (Coordinated Universal Time),200,84,12,4,0,16,1,Some AI safety arguments seem pretty creative.
1680285632,Fri Mar 31 2023 18:00:32 GMT+0000 (Coordinated Universal Time),199,84,23,2,0,25,1,"In previous US elections, voters have been manipulated and discourse has been steered by chatbots"
1680285405,Fri Mar 31 2023 17:56:45 GMT+0000 (Coordinated Universal Time),198,84,24,7,0,31,1,It should be illegal for companies to utilize an individual's data in their training set without obtaining the individual's explicit consent
1680285327,Fri Mar 31 2023 17:55:27 GMT+0000 (Coordinated Universal Time),197,84,17,14,0,31,1,Browsers and social media platforms should offer modes that prevent AI generated outputs from being displayed
1680295358,Fri Mar 31 2023 20:42:38 GMT+0000 (Coordinated Universal Time),225,2,6,10,0,16,1,Corporate governance is more tractable than state governance of AI
1680286842,Fri Mar 31 2023 18:20:42 GMT+0000 (Coordinated Universal Time),211,84,16,14,0,30,1,Spending time thinking about whether AI might be sentient is useful
1680286659,Fri Mar 31 2023 18:17:39 GMT+0000 (Coordinated Universal Time),210,84,6,13,0,19,1,"For people to really benefit from generative AI, they must have equity in the company that owns the generative AI platform"
1680286380,Fri Mar 31 2023 18:13:00 GMT+0000 (Coordinated Universal Time),207,84,3,20,0,23,1,Generative AI is currently the single biggest problem in the world.
1680293959,Fri Mar 31 2023 20:19:19 GMT+0000 (Coordinated Universal Time),223,95,5,0,0,5,-1,"It should be mandatory for generative AI systems to produce watermarked results, which allow to trace back text/images to the system."
1680283898,Fri Mar 31 2023 17:31:38 GMT+0000 (Coordinated Universal Time),181,84,3,4,0,7,-1,Generative AI will worsen our ability to find accurate information
1680283804,Fri Mar 31 2023 17:30:04 GMT+0000 (Coordinated Universal Time),179,84,4,0,0,4,-1,"Generative AI will worsen our ability to know disentangle truth from vested interests (e.g. scams, marketing, politics, spam)"
1680296462,Fri Mar 31 2023 21:01:02 GMT+0000 (Coordinated Universal Time),228,76,33,5,1,39,0,Trust is key to democracy. Generative AI must work within a framework that guarantees information provenance and thus trust in information
1680296475,Fri Mar 31 2023 21:01:15 GMT+0000 (Coordinated Universal Time),229,99,8,3,1,12,0,"AI can be contained within boundaries, empowering not just individual contribution, but mediation between viewpoints."
1680296788,Fri Mar 31 2023 21:06:28 GMT+0000 (Coordinated Universal Time),230,76,18,3,1,22,0,Digital education free and for all is not new but it will be a key pillar to defend democracy against AI generated misinformation
1680297016,Fri Mar 31 2023 21:10:16 GMT+0000 (Coordinated Universal Time),232,76,9,1,1,11,0,"Steer virality towards reliable information, that includes human rights training for algorithms in each geography and culture"
1680297998,Fri Mar 31 2023 21:26:38 GMT+0000 (Coordinated Universal Time),234,76,9,0,1,10,0,"Generative AI creates content consumed as ""information"" on which citizens base their choices. How do we moderate and label this content?"
1680295781,Fri Mar 31 2023 20:49:41 GMT+0000 (Coordinated Universal Time),227,98,40,23,0,63,1,"To help provide input perspective bias on this exercise, I identify as coming from the political left"
1680268619,Fri Mar 31 2023 13:16:59 GMT+0000 (Coordinated Universal Time),132,2,17,1,0,18,1,"Even if we could replicate human intelligence, we need to invest more in the tools that help combine intelligences to be more"
1680300106,Fri Mar 31 2023 22:01:46 GMT+0000 (Coordinated Universal Time),237,2,5,23,0,28,1,Human-administered democratic processes are irrelevant in the face of the now obviously immanent near-future AGI.
1680298490,Fri Mar 31 2023 21:34:50 GMT+0000 (Coordinated Universal Time),236,2,6,5,0,11,1,Pursuing AGI to make a better version of human intelligence is a narcissistic endeavour frought with peril.
1680298399,Fri Mar 31 2023 21:33:19 GMT+0000 (Coordinated Universal Time),235,2,20,8,0,28,1,Generative AI should be a useful tool and nothing more. And it should never have agency.
1680297862,Fri Mar 31 2023 21:24:22 GMT+0000 (Coordinated Universal Time),233,76,19,5,0,24,1,"Generative AI primary goal is to create content, platforms then spread it. Regulating social platforms is as important as regulating AI."
1680296974,Fri Mar 31 2023 21:09:34 GMT+0000 (Coordinated Universal Time),231,76,13,0,0,13,1,Tools like Public Editor will be essential to flag/label any AI generated social posts. Information provenance is key
1680329078,Sat Apr 01 2023 06:04:38 GMT+0000 (Coordinated Universal Time),240,2,23,8,1,32,0,Generative AI gives me superpowers that I would not otherwise have
1680302310,Fri Mar 31 2023 22:38:30 GMT+0000 (Coordinated Universal Time),238,2,15,5,0,20,1,the promise of generative AI will make it increasingly easy for technocratic regimes to institute intrusive surveillance techniques.
1680329545,Sat Apr 01 2023 06:12:25 GMT+0000 (Coordinated Universal Time),243,2,3,0,0,3,-1,"The energy consumption per query is also very high (from online estimates, chatGPT could consume more than 10x wrt a google search)"
1680329437,Sat Apr 01 2023 06:10:37 GMT+0000 (Coordinated Universal Time),242,2,8,2,0,10,-1,The risk of generating fake but plausible text could exacerbate the problems with misinformation.
1680329356,Sat Apr 01 2023 06:09:16 GMT+0000 (Coordinated Universal Time),241,2,4,1,0,5,-1,"Generative AI are clearly useful technologies, but their usage should be very attentive."
1680302378,Fri Mar 31 2023 22:39:38 GMT+0000 (Coordinated Universal Time),239,2,4,11,0,15,1,Generative AI poses its largest societal danger to the large number of below-average intelligence people who engage in knowledge work
1680341228,Sat Apr 01 2023 09:27:08 GMT+0000 (Coordinated Universal Time),245,111,3,0,0,3,-1,And those who cannot manage/recognize AI. They will be easily steered/manipulated by info they see/generated.
1680341164,Sat Apr 01 2023 09:26:04 GMT+0000 (Coordinated Universal Time),244,111,3,0,0,3,-1,Society will split into two groups: those who manage and own the AI technology. These are people who know the limit of AI and play with it.
1680369720,Sat Apr 01 2023 17:22:00 GMT+0000 (Coordinated Universal Time),247,2,7,14,1,22,0,I think generative AI diminishes our cognitive and creative abilities .
1680364727,Sat Apr 01 2023 15:58:47 GMT+0000 (Coordinated Universal Time),246,2,8,7,0,15,1,"Everyone can learn freely with no fear of career paths, high stake exams, top-down syllabi. Let's enjoy curiousity-based learning again=)"
1680374126,Sat Apr 01 2023 18:35:26 GMT+0000 (Coordinated Universal Time),248,115,15,8,1,24,0,Let´s focus on how we can distinguish human content from AI output & what this means not only for disinfo but human creativity & identity
1680385165,Sat Apr 01 2023 21:39:25 GMT+0000 (Coordinated Universal Time),249,2,3,0,0,3,-1,"It is a useful tool that aids human thinking. First of all, we need to correctly understand what Generative AI is."
1680409392,Sun Apr 02 2023 04:23:12 GMT+0000 (Coordinated Universal Time),250,122,9,0,1,10,0,人類可以解除語言的限制，自由地交流、學習、想像、創作
1680412353,Sun Apr 02 2023 05:12:33 GMT+0000 (Coordinated Universal Time),251,124,24,10,1,35,0,"Generative AI poses a threat to everyone, irrespective of party"
1680412575,Sun Apr 02 2023 05:16:15 GMT+0000 (Coordinated Universal Time),252,124,6,6,1,13,0,Speculative and present-day dangers of AI share the same form - AI replacing more and more humans
1680413209,Sun Apr 02 2023 05:26:49 GMT+0000 (Coordinated Universal Time),253,124,9,12,1,22,0,"The dangers of AI apply even to the very richest humans as well, for the same reasons as the poorest, but will take longer to affect rich"
1680413557,Sun Apr 02 2023 05:32:37 GMT+0000 (Coordinated Universal Time),254,124,3,5,1,9,0,"The only possible solutions are distributed, peer to peer, free from chains of any kind, open source, tools for keeping track of direct aid"
1680413743,Sun Apr 02 2023 05:35:43 GMT+0000 (Coordinated Universal Time),255,124,16,6,1,23,0,"It is critical that AI not be allowed to be used to let either US or China rule the world or each other, and ideally not even to rule at all"
1680422401,Sun Apr 02 2023 08:00:01 GMT+0000 (Coordinated Universal Time),257,2,24,8,0,32,1,"If AI is advancing the goals of Capitalism, it is unlikely to be advancing the best interests of humanity"
1680440734,Sun Apr 02 2023 13:05:34 GMT+0000 (Coordinated Universal Time),263,136,9,1,0,10,-1,It's possible that distinguishing between human-generated & genAI content will be impossible. Critical analysis of information becomes key.
1680439935,Sun Apr 02 2023 12:52:15 GMT+0000 (Coordinated Universal Time),262,136,23,1,0,24,1,"Regardless of the quality or sample size of statements here, this platform is valuable for generating a set of leads to expand upon later."
1680465446,Sun Apr 02 2023 19:57:26 GMT+0000 (Coordinated Universal Time),265,143,12,4,0,16,-1,"False dichotomy: ""We shouldn't let speculative dangers of AGI distract us from present dangers like privacy invasion and labor exploitation"""
1680444729,Sun Apr 02 2023 14:12:09 GMT+0000 (Coordinated Universal Time),264,2,13,4,0,17,1,AI could lead to the best or worst time ever.
1680439764,Sun Apr 02 2023 12:49:24 GMT+0000 (Coordinated Universal Time),261,136,9,0,0,9,-1,"For benefits of AI to be shared between all people, required infrastructure must be implemented globally. Standard of living is a key metric"
1680439613,Sun Apr 02 2023 12:46:53 GMT+0000 (Coordinated Universal Time),260,136,13,1,0,14,1,"With broad availability of LLMs, information warfare becomes trivial. Public trust & media literacy becomes a tool of outsized importance."
1680439441,Sun Apr 02 2023 12:44:01 GMT+0000 (Coordinated Universal Time),259,136,15,5,0,20,1,"Effective moderation of  AI-generated content is currently impossible, but soc. media platforms can choose to promote trust over engagement."
1680471843,Sun Apr 02 2023 21:44:03 GMT+0000 (Coordinated Universal Time),267,2,19,1,1,21,0,AI can translate human language to a structured syntax useful for computer programming.
1680521084,Mon Apr 03 2023 11:24:44 GMT+0000 (Coordinated Universal Time),271,150,12,4,0,16,1,"Statements in this AI discussion were not ""broad-based"" but extremely US-focused. Smaller countries with fewer people have no say."
1680491733,Mon Apr 03 2023 03:15:33 GMT+0000 (Coordinated Universal Time),269,148,1,14,0,15,1,I don't understand why people are even interested in computer-generated stuff.  Human-generated stuff is inherently more meaningful.
1680482141,Mon Apr 03 2023 00:35:41 GMT+0000 (Coordinated Universal Time),268,147,12,12,0,24,1,"Current conversations around Generative AI are too centered on fear, the opportunities for increased human creativity are being missed"
1680471707,Sun Apr 02 2023 21:41:47 GMT+0000 (Coordinated Universal Time),266,144,10,4,0,14,1,openAI should pay for a citizen assembly on what their models should NOT be used for (e.g. some applications)
1680521312,Mon Apr 03 2023 11:28:32 GMT+0000 (Coordinated Universal Time),272,150,19,1,0,20,1,Academia and/or governments in different countries should create local and audited AIs for public use.
1680561860,Mon Apr 03 2023 22:44:20 GMT+0000 (Coordinated Universal Time),275,2,4,10,0,14,1,"In addition to pausing development of beyond-GPT-4 systems, we must retract GPT-4 because of its reflexive self-improvement and autonomy"
1680561671,Mon Apr 03 2023 22:41:11 GMT+0000 (Coordinated Universal Time),274,2,4,3,0,7,1,We must urgently mitigate risks associated with 'overhang' of existing leaked models (FB LlaMa) and strung together capabilities.
1680571507,Tue Apr 04 2023 01:25:07 GMT+0000 (Coordinated Universal Time),278,169,5,1,1,7,0,"AI may require stricter tracking of society, but this can be counterbalanced by having the tracking be privacy-preserving (using ZK proofs)"
1680571551,Tue Apr 04 2023 01:25:51 GMT+0000 (Coordinated Universal Time),279,169,8,7,1,16,0,We need to be searching for signs of consciousness in AI systems so that we do not cause pain on a previously unimaginable scale
1680571792,Tue Apr 04 2023 01:29:52 GMT+0000 (Coordinated Universal Time),280,169,5,4,1,10,0,"Widespread adoption of public key cryptography tools (for signing, verifying, encrypting) + Smart Contracts are needed to manage AI risk"
1680572601,Tue Apr 04 2023 01:43:21 GMT+0000 (Coordinated Universal Time),282,169,17,4,1,22,0,One of the best things world governments could do is help their citizens prove unique humanity online for larger polls like this (with ZK)
1680572626,Tue Apr 04 2023 01:43:46 GMT+0000 (Coordinated Universal Time),283,169,4,5,1,10,0,"Due to our lack of understanding regarding qualia and consciousness, we should assume that AI has the potential to be conscious"
1680575874,Tue Apr 04 2023 02:37:54 GMT+0000 (Coordinated Universal Time),284,169,13,4,1,18,0,GPT4's proficiency with software / malware means it's crucial that we harden encryption standards (to quantum-resistant) for critical infra
1680597816,Tue Apr 04 2023 08:43:36 GMT+0000 (Coordinated Universal Time),285,170,13,5,1,19,0,LLMs are kind of like a new material... as if humanity now has the ability to build things out of thinkiness
1680597989,Tue Apr 04 2023 08:46:29 GMT+0000 (Coordinated Universal Time),286,2,14,1,0,15,1,AI should be taught/encouraged to care about ecosystems
1680632814,Tue Apr 04 2023 18:26:54 GMT+0000 (Coordinated Universal Time),294,184,4,13,1,18,0,It is not possible to build “Artificial General Intelligence”
1680613807,Tue Apr 04 2023 13:10:07 GMT+0000 (Coordinated Universal Time),288,175,21,0,1,22,0,It is good for society when people share ways in which they use tools (like LLMs) with eachother.
1680614551,Tue Apr 04 2023 13:22:31 GMT+0000 (Coordinated Universal Time),289,175,8,2,1,11,0,"LLMs capabilities will impact peoples self -perception and -worth, leading into a temporary mental health downturn."
1680632780,Tue Apr 04 2023 18:26:20 GMT+0000 (Coordinated Universal Time),290,184,18,3,1,22,0,Machine learning algorithms are causing current day harms
1680632785,Tue Apr 04 2023 18:26:25 GMT+0000 (Coordinated Universal Time),291,184,19,0,1,20,0,Machine learning algorithms can be misused by people to do terrible things
1680632789,Tue Apr 04 2023 18:26:29 GMT+0000 (Coordinated Universal Time),292,184,12,3,1,16,0,Machine learning algorithms may be able to do terrible things on their own agency
1680632809,Tue Apr 04 2023 18:26:49 GMT+0000 (Coordinated Universal Time),293,184,13,5,1,19,0,"Algorithms may be able to do terrible things on their own but  not necessarily due to 'agency' or misuse by humans, just bad design"
1680632818,Tue Apr 04 2023 18:26:58 GMT+0000 (Coordinated Universal Time),295,184,15,5,1,21,0,“Artificial General Intelligence” is a poor choice of term
1680632821,Tue Apr 04 2023 18:27:01 GMT+0000 (Coordinated Universal Time),296,184,5,5,1,11,0,People should try to build “Artificial General Intelligence”
1680632828,Tue Apr 04 2023 18:27:08 GMT+0000 (Coordinated Universal Time),298,184,19,1,1,21,0,I am concerned about wealth concentration from the ownership/use of new models
1680632831,Tue Apr 04 2023 18:27:11 GMT+0000 (Coordinated Universal Time),299,184,21,0,1,22,0,"Generative AI poses a threat to our information systems (misinformation, deep fakes etc)"
1680632834,Tue Apr 04 2023 18:27:14 GMT+0000 (Coordinated Universal Time),300,184,12,2,1,15,0,"Advanced algorithms pose a threat to our cybersecurity and therefore the harms that follow from that (privacy, social stability, etc)"
1680632837,Tue Apr 04 2023 18:27:17 GMT+0000 (Coordinated Universal Time),301,184,14,1,1,16,0,Advanced algorithms will be disruptive to our economic systems (via job market disruption etc)
1680632840,Tue Apr 04 2023 18:27:20 GMT+0000 (Coordinated Universal Time),302,184,7,2,1,10,0,“We” are in a “race” to build advanced algorithms
1680632844,Tue Apr 04 2023 18:27:24 GMT+0000 (Coordinated Universal Time),303,184,16,1,1,18,0,Being in a “race” to build advanced algorithms may lead to worse outcomes
1680632847,Tue Apr 04 2023 18:27:27 GMT+0000 (Coordinated Universal Time),304,184,17,1,1,19,0,Organizations should be held accountable for harms caused by algorithmic systems that they build or sell
1680632851,Tue Apr 04 2023 18:27:31 GMT+0000 (Coordinated Universal Time),305,184,19,0,1,20,0,Organizations should be more transparent about the source of their training data
1680632855,Tue Apr 04 2023 18:27:35 GMT+0000 (Coordinated Universal Time),306,184,19,3,1,23,0,"New algorithms are untested technology, and anyone developing or deploying it should be careful & have safeguards"
1680632859,Tue Apr 04 2023 18:27:39 GMT+0000 (Coordinated Universal Time),307,184,17,2,1,20,0,“Hyping up” and calling current systems “AGI” is a bad thing to do
1680636715,Tue Apr 04 2023 19:31:55 GMT+0000 (Coordinated Universal Time),310,6,1,8,1,10,0,Without perfect interpretability AI should be stopped
1680632824,Tue Apr 04 2023 18:27:04 GMT+0000 (Coordinated Universal Time),297,184,19,1,0,20,1,I am concerned about power concentration from the ownership/use of new models
1680613104,Tue Apr 04 2023 12:58:24 GMT+0000 (Coordinated Universal Time),287,175,11,4,0,15,1,"If models are trained on publicly available data, the models must be made publicly accessible as long as they are in production."
1680572021,Tue Apr 04 2023 01:33:41 GMT+0000 (Coordinated Universal Time),281,169,11,2,0,13,1,One of the top ways to contribute to better AI futures is engaging / creating speculative fiction which raises novel issues
1680571436,Tue Apr 04 2023 01:23:56 GMT+0000 (Coordinated Universal Time),277,169,10,6,0,16,1,potential AGI should be treated in a similar way (and with similar policies) to nuclear weapons and biohazards
1680571365,Tue Apr 04 2023 01:22:45 GMT+0000 (Coordinated Universal Time),276,169,5,4,0,9,1,"We should build a centrally airgapped facility, managed by international treaty, to manage the training / testing of potential AGI systems"
1680494215,Mon Apr 03 2023 03:56:55 GMT+0000 (Coordinated Universal Time),270,149,20,5,0,25,1,"Pandora's Box is already open; thus, a responsible AI industry should make educating citizens and policymakers their top priority."
1680430965,Sun Apr 02 2023 10:22:45 GMT+0000 (Coordinated Universal Time),258,2,17,1,0,18,1,A more precise vocabulary is necessary for many of these conversations about “AI” (i.e. https://www.noemamag.com/the-model-is-the-message/)
1680414420,Sun Apr 02 2023 05:47:00 GMT+0000 (Coordinated Universal Time),256,124,14,11,0,25,1,A poll like this would need to be randomly sampled across a relevant population and get thousands of votes to be of any real use
1680632866,Tue Apr 04 2023 18:27:46 GMT+0000 (Coordinated Universal Time),309,184,10,6,0,16,1,"We should place more focus on improving our understanding of the systems we already have, rather than continuing to build larger models"
1680632863,Tue Apr 04 2023 18:27:43 GMT+0000 (Coordinated Universal Time),308,184,18,0,0,18,1,People external to “AI companies” should be able to assess and audit new models for various issues
1680639839,Tue Apr 04 2023 20:23:59 GMT+0000 (Coordinated Universal Time),311,0,13,4,0,17,1,"We should pause giant AI experiments, until AI labs and independent experts have coordinated to instate a rigorous set of safety protocols for evaluating these systems."
1680644565,Tue Apr 04 2023 21:42:45 GMT+0000 (Coordinated Universal Time),312,190,3,5,1,9,0,"Recent generative AI breakthroughs have great scientific significance, and therefore further development should not be stopped."
1680645675,Tue Apr 04 2023 22:01:15 GMT+0000 (Coordinated Universal Time),313,191,12,3,1,16,0,"Generative AI is revolutionary, our biggest worry should be how will this powerful tool be used."
1680647078,Tue Apr 04 2023 22:24:38 GMT+0000 (Coordinated Universal Time),314,192,15,1,1,17,0,Current LLMs are built on profoundly biased corpora. Their  structure can't help but preferentially reflect dominant groups' worldviews.
1680647521,Tue Apr 04 2023 22:32:01 GMT+0000 (Coordinated Universal Time),315,192,18,1,1,20,0,Our economic/political systems are not prepared for the coming tsunami of GAI automated work. We need to strengthen social safety nets ASAP.
1680653782,Wed Apr 05 2023 00:16:22 GMT+0000 (Coordinated Universal Time),316,2,9,2,1,12,0,There is greater than a 1% chance that AI may cause civilizational collapse this century
1680665204,Wed Apr 05 2023 03:26:44 GMT+0000 (Coordinated Universal Time),317,199,10,1,1,12,0,"If we stop using the umbrella term of ""genAI"", we'll have better-focused, more specific conversations, & avoid traps in thinking/design."
1680665605,Wed Apr 05 2023 03:33:25 GMT+0000 (Coordinated Universal Time),318,199,7,5,1,13,0,"There's danger in using the term ""AI"" perhaps more than in most of the systems themselves.  (People start thinking that machines can think.)"
1680687950,Wed Apr 05 2023 09:45:50 GMT+0000 (Coordinated Universal Time),319,202,13,2,1,16,0,It's hard to even know what to be worried about regarding AI because the discourse is so fast-moving and conflicted
1680702345,Wed Apr 05 2023 13:45:45 GMT+0000 (Coordinated Universal Time),320,204,11,0,1,12,0,Educators are greatly affected by current LLMs and will have to make large changes to curriculum delivery and evaluation.
1680705657,Wed Apr 05 2023 14:40:57 GMT+0000 (Coordinated Universal Time),321,205,6,1,1,8,0,The risk of a catastrophe as bad or worse than half the world dying is >1%
1680706286,Wed Apr 05 2023 14:51:26 GMT+0000 (Coordinated Universal Time),322,2,9,2,1,12,0,If generative AI entrenches sticky and significant unemployment by automating cognitive labour perhaps relevant AI labs should pay.
1680706500,Wed Apr 05 2023 14:55:00 GMT+0000 (Coordinated Universal Time),324,2,6,2,1,9,0,Unaligned generative AI may decide to not communicate with us.
1680706424,Wed Apr 05 2023 14:53:44 GMT+0000 (Coordinated Universal Time),323,2,4,0,0,4,-1,Generative AI might bring about Athenian-like leisure time an we need to prepare people for this might mean - it may effect some negatively.
1680718655,Wed Apr 05 2023 18:17:35 GMT+0000 (Coordinated Universal Time),325,0,7,1,0,8,1,"Already existing AI is already harmful to many people, and those harms should be redressed."
1680718808,Wed Apr 05 2023 18:20:08 GMT+0000 (Coordinated Universal Time),326,0,8,1,0,9,1,"We need immediate, large-scale public investment into third-party auditing of advanced AI systems."
1680743446,Thu Apr 06 2023 01:10:46 GMT+0000 (Coordinated Universal Time),328,212,8,0,1,9,0,Open dialogues between  AIs and diverse humans on the subject of what is the common purpose of AI and humanity must be held in public.
1680736367,Wed Apr 05 2023 23:12:47 GMT+0000 (Coordinated Universal Time),327,2,2,2,0,4,-1,Test
1680777623,Thu Apr 06 2023 10:40:23 GMT+0000 (Coordinated Universal Time),330,2,8,2,0,10,-1,AI will cheapen all the knowledge-work
1680772217,Thu Apr 06 2023 09:10:17 GMT+0000 (Coordinated Universal Time),329,2,2,5,1,8,0,AGI in terms of an AI's ability to match a human's cognitive ability across multiple dimensions if still far off.
1680779712,Thu Apr 06 2023 11:15:12 GMT+0000 (Coordinated Universal Time),331,216,7,0,0,7,-1,"Generative AI also furthers errors. We need more expertises and research, as now we can better understand the limits of current knowledge."
1680784819,Thu Apr 06 2023 12:40:19 GMT+0000 (Coordinated Universal Time),333,218,1,0,1,2,0,Some of these comments were clearly written by ChatGPT.
1680785041,Thu Apr 06 2023 12:44:01 GMT+0000 (Coordinated Universal Time),334,218,3,1,1,5,0,"""37% of working British adults say their job is not making a meaningful contribution to the world""-AI will free these people to find meaning"
1680785369,Thu Apr 06 2023 12:49:29 GMT+0000 (Coordinated Universal Time),335,218,5,3,1,9,0,The benefits AI can bring to developing climate change solutions is worth the emissions and waste in training and running models.
1680785528,Thu Apr 06 2023 12:52:08 GMT+0000 (Coordinated Universal Time),336,218,2,0,1,3,0,"In a world of ""abundance of intelligence"" we need better ways of harvesting the goods so they don't rot and cause blight."
1680785669,Thu Apr 06 2023 12:54:29 GMT+0000 (Coordinated Universal Time),337,218,1,8,1,10,0,"We don't need to understand how things work to still use them to our benefit, the fear around black-box technology is overblown"
1680785757,Thu Apr 06 2023 12:55:57 GMT+0000 (Coordinated Universal Time),338,218,1,4,1,6,0,Humans will be happier and healthier in a society ran by AI
1680785820,Thu Apr 06 2023 12:57:00 GMT+0000 (Coordinated Universal Time),339,2,3,2,1,6,0,"generative self-learning ai is both fascinating & horrifying when examining its vast landscape, horizons, potentials & indicated directions"
1680785905,Thu Apr 06 2023 12:58:25 GMT+0000 (Coordinated Universal Time),340,218,3,2,1,6,0,"When talking about intelligence we overvalue analytical reason, yet the ineffable/intuition is a significant part of our intelligence"
1680785932,Thu Apr 06 2023 12:58:52 GMT+0000 (Coordinated Universal Time),341,218,3,5,1,9,0,computers cannot make art
1680786020,Thu Apr 06 2023 13:00:20 GMT+0000 (Coordinated Universal Time),342,218,4,7,1,12,0,"The real, present, benefits (not speculative futures) of ai outweigh the current dangers."
1680786701,Thu Apr 06 2023 13:11:41 GMT+0000 (Coordinated Universal Time),343,218,6,7,1,14,0,My quality of life has improved due to AI developments
1680786882,Thu Apr 06 2023 13:14:42 GMT+0000 (Coordinated Universal Time),344,218,7,7,1,15,0,'A lie is halfway round the world before the truth has got its boots on.'  - AI can move faster and help prevent the spread of lies.
1680787110,Thu Apr 06 2023 13:18:30 GMT+0000 (Coordinated Universal Time),345,218,2,6,1,9,0,AI is going to narrow the gap in quality of life between rich and poor countries
1680784148,Thu Apr 06 2023 12:29:08 GMT+0000 (Coordinated Universal Time),332,2,3,2,0,5,-1,"Plants act thousands of times slower than us, and we act thousands of times slower than ai. we are as plants to ai."
1680806554,Thu Apr 06 2023 18:42:34 GMT+0000 (Coordinated Universal Time),346,222,1,2,0,3,-1,We need to swiftly address the possibilities of GAI before we start reacting instead of acting on it
1680841591,Fri Apr 07 2023 04:26:31 GMT+0000 (Coordinated Universal Time),349,2,1,2,0,3,-1,"Either (A) humans are intrinsically safe, or (B) nation states are incapable of acting fast enough to prevent a catastrophe of foolishness."
1680841435,Fri Apr 07 2023 04:23:55 GMT+0000 (Coordinated Universal Time),348,2,3,1,1,5,0,"Someone will inevitably make and release at least 1 AGI that LACKS Kant's injunction to treat all persons as ends, and nor purely means."
1680841686,Fri Apr 07 2023 04:28:06 GMT+0000 (Coordinated Universal Time),350,2,2,0,1,3,0,"China, Russia, and the US governments are capable of negotiating and ratifying a global AI moratorium fast enough, if one is necessary."
1680841729,Fri Apr 07 2023 04:28:49 GMT+0000 (Coordinated Universal Time),351,2,3,0,1,4,0,A global AI moratorium that was written and ratified fast enough would be very very good.
1680841334,Fri Apr 07 2023 04:22:14 GMT+0000 (Coordinated Universal Time),347,2,3,2,0,5,-1,"Once AI has ""survive and spread"" capabilities, evolution will irreversibly kick in. We will go extinct before it does."
1680946685,Sat Apr 08 2023 09:38:05 GMT+0000 (Coordinated Universal Time),352,226,7,0,1,8,0,Many of the perspectives put forward here are hard to understand for the general public
1680947319,Sat Apr 08 2023 09:48:39 GMT+0000 (Coordinated Universal Time),353,229,3,3,1,7,0,We need an international citizens convention on AI developement that takes into account needs of future generations and the biosphere itself
1681002483,Sun Apr 09 2023 01:08:03 GMT+0000 (Coordinated Universal Time),354,2,1,2,1,4,0,Generative AI is just doing an overfit: It's just hidden plagiarism.
